<?xml version="1.0" encoding ="utf-8"?>
<swc xmlns="http://www.adobe.com/flash/swccatalog/9">
  <versions>
    <swc version="1.2" />
    <flash version="11.5" build="d349" platform="WIN" />
  </versions>
  <features>
    <feature-script-deps />
    <feature-files />
  </features>
  <libraries>
    <library path="library.swf">
      <script name="CameraAsset" mod="1436972794047" >
        <def id="CameraAsset" /> 
        <dep id="AS3" type="n" /> 
        <dep id="flash.display:MovieClip" type="i" /> 
      </script>
      <script name="Debugger" mod="1436972794047" >
        <def id="Debugger" /> 
        <dep id="flash.text:TextField" type="s" /> 
        <dep id="AS3" type="n" /> 
        <dep id="flash.display:MovieClip" type="i" /> 
      </script>
      <script name="GridAsset" mod="1436972794047" >
        <def id="GridAsset" /> 
        <dep id="AS3" type="n" /> 
        <dep id="flash.display:MovieClip" type="i" /> 
      </script>
      <script name="NihonAsset" mod="1436972794047" >
        <def id="NihonAsset" /> 
        <dep id="flash.text:TextField" type="s" /> 
        <dep id="AS3" type="n" /> 
        <dep id="flash.display:MovieClip" type="i" /> 
      </script>
      <script name="PointAsset" mod="1436972794047" >
        <def id="PointAsset" /> 
        <dep id="flash.text:TextField" type="s" /> 
        <dep id="AS3" type="n" /> 
        <dep id="flash.display:MovieClip" type="i" /> 
      </script>
    </library>
  </libraries>
  <files>
  </files>
</swc>
